    0.010000,    5.960000,   -3.995000
    0.020000,    5.920050,   -3.990000
    0.030000,    5.880150,   -3.985000
    0.040000,    5.840300,   -3.980000
    0.050000,    5.800500,   -3.975000
    0.060000,    5.760750,   -3.970000
    0.070000,    5.721050,   -3.965000
    0.080000,    5.681400,   -3.960000
    0.090000,    5.641800,   -3.955000
    0.100000,    5.602250,   -3.950000
    0.110000,    5.562750,   -3.945000
    0.120000,    5.523300,   -3.940000
    0.130000,    5.483900,   -3.935000
    0.140000,    5.444550,   -3.930000
    0.150000,    5.405250,   -3.925000
    0.160000,    5.366000,   -3.920000
    0.170000,    5.326800,   -3.915000
    0.180000,    5.287650,   -3.910000
    0.190000,    5.248550,   -3.905000
    0.200000,    5.209500,   -3.900000
    0.210000,    5.170500,   -3.895000
    0.220000,    5.131550,   -3.890000
    0.230000,    5.092650,   -3.885000
    0.240000,    5.053800,   -3.880000
    0.250000,    5.015000,   -3.875000
    0.260000,    4.976250,   -3.870000
    0.270000,    4.937550,   -3.865000
    0.280000,    4.898900,   -3.860000
    0.290000,    4.860300,   -3.855000
    0.300000,    4.821750,   -3.850000
    0.310000,    4.783250,   -3.845000
    0.320000,    4.744800,   -3.840000
    0.330000,    4.706400,   -3.835000
    0.340000,    4.668050,   -3.830000
    0.350000,    4.629750,   -3.825000
    0.360000,    4.591500,   -3.820000
    0.370000,    4.553300,   -3.815000
    0.380000,    4.515150,   -3.810000
    0.390000,    4.477050,   -3.805000
    0.400000,    4.439000,   -3.800000
    0.410000,    4.401000,   -3.795000
    0.420000,    4.363050,   -3.790000
    0.430000,    4.325150,   -3.785000
    0.440000,    4.287300,   -3.780000
    0.450000,    4.249500,   -3.775000
    0.460000,    4.211750,   -3.770000
    0.470000,    4.174050,   -3.765000
    0.480000,    4.136400,   -3.760000
    0.490000,    4.098800,   -3.755000
    0.500000,    4.061250,   -3.750000
    0.510000,    4.023750,   -3.745000
    0.520000,    3.986300,   -3.740000
    0.530000,    3.948900,   -3.735000
    0.540000,    3.911550,   -3.730000
    0.550000,    3.874250,   -3.725000
    0.560000,    3.837000,   -3.720000
    0.570000,    3.799800,   -3.715000
    0.580000,    3.762650,   -3.710000
    0.590000,    3.725550,   -3.705000
    0.600000,    3.688500,   -3.700000
    0.610000,    3.651500,   -3.695000
    0.620000,    3.614550,   -3.690000
    0.630000,    3.577650,   -3.685000
    0.640000,    3.540800,   -3.680000
    0.650000,    3.504000,   -3.675000
    0.660000,    3.467250,   -3.670000
    0.670000,    3.430550,   -3.665000
    0.680000,    3.393900,   -3.660000
    0.690000,    3.357300,   -3.655000
    0.700000,    3.320750,   -3.650000
    0.710000,    3.284250,   -3.645000
    0.720000,    3.247800,   -3.640000
    0.730000,    3.211400,   -3.635000
    0.740000,    3.175050,   -3.630000
    0.750000,    3.138750,   -3.625000
    0.760000,    3.102500,   -3.620000
    0.770000,    3.066300,   -3.615000
    0.780000,    3.030150,   -3.610000
    0.790000,    2.994050,   -3.605000
    0.800000,    2.958000,   -3.600000
    0.810000,    2.922000,   -3.595000
    0.820000,    2.886050,   -3.590000
    0.830000,    2.850150,   -3.585000
    0.840000,    2.814300,   -3.580000
    0.850000,    2.778500,   -3.575000
    0.860000,    2.742750,   -3.570000
    0.870000,    2.707050,   -3.565000
    0.880000,    2.671400,   -3.560000
    0.890000,    2.635800,   -3.555000
    0.900000,    2.600250,   -3.550000
    0.910000,    2.564750,   -3.545000
    0.920000,    2.529300,   -3.540000
    0.930000,    2.493900,   -3.535000
    0.940000,    2.458550,   -3.530000
    0.950000,    2.423250,   -3.525000
    0.960000,    2.388000,   -3.520000
    0.970000,    2.352800,   -3.515000
    0.980000,    2.317650,   -3.510000
    0.990000,    2.282550,   -3.505000
    1.000000,    2.247500,   -3.500000
    1.010000,    2.212500,   -3.495000
    1.020000,    2.177550,   -3.490000
    1.030000,    2.142650,   -3.485000
    1.040000,    2.107800,   -3.480000
    1.050000,    2.073000,   -3.475000
    1.060000,    2.038250,   -3.470000
    1.070000,    2.003550,   -3.465000
    1.080000,    1.968900,   -3.460000
    1.090000,    1.934300,   -3.455000
    1.100000,    1.899750,   -3.450000
    1.110000,    1.865250,   -3.445000
    1.120000,    1.830800,   -3.440000
    1.130000,    1.796400,   -3.435000
    1.140000,    1.762050,   -3.430000
    1.150000,    1.727750,   -3.425000
    1.160000,    1.693500,   -3.420000
    1.170000,    1.659300,   -3.415000
    1.180000,    1.625150,   -3.410000
    1.190000,    1.591050,   -3.405000
    1.200000,    1.557000,   -3.400000
    1.210000,    1.523000,   -3.395000
    1.220000,    1.489050,   -3.390000
    1.230000,    1.455150,   -3.385000
    1.240000,    1.421300,   -3.380000
    1.250000,    1.387500,   -3.375000
    1.260000,    1.353750,   -3.370000
    1.270000,    1.320050,   -3.365000
    1.280000,    1.286400,   -3.360000
    1.290000,    1.252800,   -3.355000
    1.300000,    1.219250,   -3.350000
    1.310000,    1.185750,   -3.345000
    1.320000,    1.152300,   -3.340000
    1.330000,    1.118900,   -3.335000
    1.340000,    1.085550,   -3.330000
    1.350000,    1.052250,   -3.325000
    1.360000,    1.019000,   -3.320000
    1.370000,    0.985800,   -3.315000
    1.380000,    0.952650,   -3.310000
    1.390000,    0.919550,   -3.305000
    1.400000,    0.886500,   -3.300000
    1.410000,    0.853500,   -3.295000
    1.420000,    0.820550,   -3.290000
    1.430000,    0.787650,   -3.285000
    1.440000,    0.754800,   -3.280000
    1.450000,    0.722000,   -3.275000
    1.460000,    0.689250,   -3.270000
    1.470000,    0.656550,   -3.265000
    1.480000,    0.623900,   -3.260000
    1.490000,    0.591300,   -3.255000
    1.500000,    0.558750,   -3.250000
    1.510000,    0.526250,   -3.245000
    1.520000,    0.493800,   -3.240000
    1.530000,    0.461400,   -3.235000
    1.540000,    0.429050,   -3.230000
    1.550000,    0.396750,   -3.225000
    1.560000,    0.364500,   -3.220000
    1.570000,    0.332300,   -3.215000
    1.580000,    0.300150,   -3.210000
    1.590000,    0.268050,   -3.205000
    1.600000,    0.236000,   -3.200000
    1.610000,    0.204000,   -3.195000
    1.620000,    0.172050,   -3.190000
    1.630000,    0.140150,   -3.185000
    1.640000,    0.108300,   -3.180000
    1.650000,    0.076500,   -3.175000
    1.660000,    0.044750,   -3.170000
    1.670000,    0.013050,   -3.165000
    1.680000,   -0.018600,   -3.160000
    1.690000,   -0.050200,   -3.155000
    1.700000,   -0.081750,   -3.150000
    1.710000,   -0.113250,   -3.145000
    1.720000,   -0.144700,   -3.140000
    1.730000,   -0.176100,   -3.135000
    1.740000,   -0.207450,   -3.130000
    1.750000,   -0.238750,   -3.125000
    1.760000,   -0.270000,   -3.120000
    1.770000,   -0.301200,   -3.115000
    1.780000,   -0.332350,   -3.110000
    1.790000,   -0.363450,   -3.105000
    1.800000,   -0.394500,   -3.100000
    1.810000,   -0.425500,   -3.095000
    1.820000,   -0.456450,   -3.090000
    1.830000,   -0.487350,   -3.085000
    1.840000,   -0.518200,   -3.080000
    1.850000,   -0.549000,   -3.075000
    1.860000,   -0.579750,   -3.070000
    1.870000,   -0.610450,   -3.065000
    1.880000,   -0.641100,   -3.060000
    1.890000,   -0.671700,   -3.055000
    1.900000,   -0.702250,   -3.050000
    1.910000,   -0.732750,   -3.045000
    1.920000,   -0.763200,   -3.040000
    1.930000,   -0.793600,   -3.035000
    1.940000,   -0.823950,   -3.030000
    1.950000,   -0.854250,   -3.025000
    1.960000,   -0.884500,   -3.020000
    1.970000,   -0.914700,   -3.015000
    1.980000,   -0.944850,   -3.010000
    1.990000,   -0.974950,   -3.005000
    2.000000,   -1.005000,   -3.000000
    2.010000,   -1.035000,   -2.995000
    2.020000,   -1.064950,   -2.990000
    2.030000,   -1.094850,   -2.985000
    2.040000,   -1.124700,   -2.980000
    2.050000,   -1.154500,   -2.975000
    2.060000,   -1.184250,   -2.970000
    2.070000,   -1.213950,   -2.965000
    2.080000,   -1.243600,   -2.960000
    2.090000,   -1.273200,   -2.955000
    2.100000,   -1.302750,   -2.950000
    2.110000,   -1.332250,   -2.945000
    2.120000,   -1.361700,   -2.940000
    2.130000,   -1.391100,   -2.935000
    2.140000,   -1.420450,   -2.930000
    2.150000,   -1.449750,   -2.925000
    2.160000,   -1.479000,   -2.920000
    2.170000,   -1.508200,   -2.915000
    2.180000,   -1.537350,   -2.910000
    2.190000,   -1.566450,   -2.905000
    2.200000,   -1.595500,   -2.900000
    2.210000,   -1.624500,   -2.895000
    2.220000,   -1.653450,   -2.890000
    2.230000,   -1.682350,   -2.885000
    2.240000,   -1.711200,   -2.880000
    2.250000,   -1.740000,   -2.875000
    2.260000,   -1.768750,   -2.870000
    2.270000,   -1.797450,   -2.865000
    2.280000,   -1.826100,   -2.860000
    2.290000,   -1.854700,   -2.855000
    2.300000,   -1.883250,   -2.850000
    2.310000,   -1.911750,   -2.845000
    2.320000,   -1.940200,   -2.840000
    2.330000,   -1.968600,   -2.835000
    2.340000,   -1.996950,   -2.830000
    2.350000,   -2.025250,   -2.825000
    2.360000,   -2.053500,   -2.820000
    2.370000,   -2.081700,   -2.815000
    2.380000,   -2.109850,   -2.810000
    2.390000,   -2.137950,   -2.805000
    2.400000,   -2.166000,   -2.800000
    2.410000,   -2.194000,   -2.795000
    2.420000,   -2.221950,   -2.790000
    2.430000,   -2.249850,   -2.785000
    2.440000,   -2.277700,   -2.780000
    2.450000,   -2.305500,   -2.775000
    2.460000,   -2.333250,   -2.770000
    2.470000,   -2.360950,   -2.765000
    2.480000,   -2.388600,   -2.760000
    2.490000,   -2.416200,   -2.755000
    2.500000,   -2.443750,   -2.750000
    2.510000,   -2.471250,   -2.745000
    2.520000,   -2.498700,   -2.740000
    2.530000,   -2.526100,   -2.735000
    2.540000,   -2.553450,   -2.730000
    2.550000,   -2.580750,   -2.725000
    2.560000,   -2.608000,   -2.720000
    2.570000,   -2.635200,   -2.715000
    2.580000,   -2.662350,   -2.710000
    2.590000,   -2.689450,   -2.705000
    2.600000,   -2.716500,   -2.700000
    2.610000,   -2.743500,   -2.695000
    2.620000,   -2.770450,   -2.690000
    2.630000,   -2.797350,   -2.685000
    2.640000,   -2.824200,   -2.680000
    2.650000,   -2.851000,   -2.675000
    2.660000,   -2.877750,   -2.670000
    2.670000,   -2.904450,   -2.665000
    2.680000,   -2.931100,   -2.660000
    2.690000,   -2.957700,   -2.655000
    2.700000,   -2.984250,   -2.650000
    2.710000,   -3.010750,   -2.645000
    2.720000,   -3.037200,   -2.640000
    2.730000,   -3.063600,   -2.635000
    2.740000,   -3.089950,   -2.630000
    2.750000,   -3.116250,   -2.625000
    2.760000,   -3.142500,   -2.620000
    2.770000,   -3.168700,   -2.615000
    2.780000,   -3.194850,   -2.610000
    2.790000,   -3.220950,   -2.605000
    2.800000,   -3.247000,   -2.600000
    2.810000,   -3.273000,   -2.595000
    2.820000,   -3.298950,   -2.590000
    2.830000,   -3.324850,   -2.585000
    2.840000,   -3.350700,   -2.580000
    2.850000,   -3.376500,   -2.575000
    2.860000,   -3.402250,   -2.570000
    2.870000,   -3.427950,   -2.565000
    2.880000,   -3.453600,   -2.560000
    2.890000,   -3.479200,   -2.555000
    2.900000,   -3.504750,   -2.550000
    2.910000,   -3.530250,   -2.545000
    2.920000,   -3.555700,   -2.540000
    2.930000,   -3.581100,   -2.535000
    2.940000,   -3.606450,   -2.530000
    2.950000,   -3.631750,   -2.525000
    2.960000,   -3.657000,   -2.520000
    2.970000,   -3.682200,   -2.515000
    2.980000,   -3.707350,   -2.510000
    2.990000,   -3.732450,   -2.505000
    3.000000,   -3.757500,   -2.500000
    3.010000,   -3.782500,   -2.495000
    3.020000,   -3.807450,   -2.490000
    3.030000,   -3.832350,   -2.485000
    3.040000,   -3.857200,   -2.480000
    3.050000,   -3.882000,   -2.475000
    3.060000,   -3.906750,   -2.470000
    3.070000,   -3.931450,   -2.465000
    3.080000,   -3.956100,   -2.460000
    3.090000,   -3.980700,   -2.455000
    3.100000,   -4.005250,   -2.450000
    3.110000,   -4.029750,   -2.445000
    3.120000,   -4.054200,   -2.440000
    3.130000,   -4.078600,   -2.435000
    3.140000,   -4.102950,   -2.430000
    3.150000,   -4.127250,   -2.425000
    3.160000,   -4.151500,   -2.420000
    3.170000,   -4.175700,   -2.415000
    3.180000,   -4.199850,   -2.410000
    3.190000,   -4.223950,   -2.405000
    3.200000,   -4.248000,   -2.400000
    3.210000,   -4.272000,   -2.395000
    3.220000,   -4.295950,   -2.390000
    3.230000,   -4.319850,   -2.385000
    3.240000,   -4.343700,   -2.380000
    3.250000,   -4.367500,   -2.375000
    3.260000,   -4.391250,   -2.370000
    3.270000,   -4.414950,   -2.365000
    3.280000,   -4.438600,   -2.360000
    3.290000,   -4.462200,   -2.355000
    3.300000,   -4.485750,   -2.350000
    3.310000,   -4.509250,   -2.345000
    3.320000,   -4.532700,   -2.340000
    3.330000,   -4.556100,   -2.335000
    3.340000,   -4.579450,   -2.330000
    3.350000,   -4.602750,   -2.325000
    3.360000,   -4.626000,   -2.320000
    3.370000,   -4.649200,   -2.315000
    3.380000,   -4.672350,   -2.310000
    3.390000,   -4.695450,   -2.305000
    3.400000,   -4.718500,   -2.300000
    3.410000,   -4.741500,   -2.295000
    3.420000,   -4.764450,   -2.290000
    3.430000,   -4.787350,   -2.285000
    3.440000,   -4.810200,   -2.280000
    3.450000,   -4.833000,   -2.275000
    3.460000,   -4.855750,   -2.270000
    3.470000,   -4.878450,   -2.265000
    3.480000,   -4.901100,   -2.260000
    3.490000,   -4.923700,   -2.255000
    3.500000,   -4.946250,   -2.250000
    3.510000,   -4.968750,   -2.245000
    3.520000,   -4.991200,   -2.240000
    3.530000,   -5.013600,   -2.235000
    3.540000,   -5.035950,   -2.230000
    3.550000,   -5.058250,   -2.225000
    3.560000,   -5.080500,   -2.220000
    3.570000,   -5.102700,   -2.215000
    3.580000,   -5.124850,   -2.210000
    3.590000,   -5.146950,   -2.205000
    3.600000,   -5.169000,   -2.200000
    3.610000,   -5.191000,   -2.195000
    3.620000,   -5.212950,   -2.190000
    3.630000,   -5.234850,   -2.185000
    3.640000,   -5.256700,   -2.180000
    3.650000,   -5.278500,   -2.175000
    3.660000,   -5.300250,   -2.170000
    3.670000,   -5.321950,   -2.165000
    3.680000,   -5.343600,   -2.160000
    3.690000,   -5.365200,   -2.155000
    3.700000,   -5.386750,   -2.150000
    3.710000,   -5.408250,   -2.145000
    3.720000,   -5.429700,   -2.140000
    3.730000,   -5.451100,   -2.135000
    3.740000,   -5.472450,   -2.130000
    3.750000,   -5.493750,   -2.125000
    3.760000,   -5.515000,   -2.120000
    3.770000,   -5.536200,   -2.115000
    3.780000,   -5.557350,   -2.110000
    3.790000,   -5.578450,   -2.105000
    3.800000,   -5.599500,   -2.100000
    3.810000,   -5.620500,   -2.095000
    3.820000,   -5.641450,   -2.090000
    3.830000,   -5.662350,   -2.085000
    3.840000,   -5.683200,   -2.080000
    3.850000,   -5.704000,   -2.075000
    3.860000,   -5.724750,   -2.070000
    3.870000,   -5.745450,   -2.065000
    3.880000,   -5.766100,   -2.060000
    3.890000,   -5.786700,   -2.055000
    3.900000,   -5.807250,   -2.050000
    3.910000,   -5.827750,   -2.045000
    3.920000,   -5.848200,   -2.040000
    3.930000,   -5.868600,   -2.035000
    3.940000,   -5.888950,   -2.030000
    3.950000,   -5.909250,   -2.025000
    3.960000,   -5.929500,   -2.020000
    3.970000,   -5.949700,   -2.015000
    3.980000,   -5.969850,   -2.010000
    3.990000,   -5.989950,   -2.005000
    4.000000,   -6.010000,   -2.000000
    4.010000,   -6.030000,   -1.995000
    4.020000,   -6.049950,   -1.990000
    4.030000,   -6.069850,   -1.985000
    4.040000,   -6.089700,   -1.980000
    4.050000,   -6.109500,   -1.975000
    4.060000,   -6.129250,   -1.970000
    4.070000,   -6.148950,   -1.965000
    4.080000,   -6.168600,   -1.960000
    4.090000,   -6.188200,   -1.955000
    4.100000,   -6.207750,   -1.950000
    4.110000,   -6.227250,   -1.945000
    4.120000,   -6.246700,   -1.940000
    4.130000,   -6.266100,   -1.935000
    4.140000,   -6.285450,   -1.930000
    4.150000,   -6.304750,   -1.925000
    4.160000,   -6.324000,   -1.920000
    4.170000,   -6.343200,   -1.915000
    4.180000,   -6.362350,   -1.910000
    4.190000,   -6.381450,   -1.905000
    4.200000,   -6.400500,   -1.900000
    4.210000,   -6.419500,   -1.895000
    4.220000,   -6.438450,   -1.890000
    4.230000,   -6.457350,   -1.885000
    4.240000,   -6.476200,   -1.880000
    4.250000,   -6.495000,   -1.875000
    4.260000,   -6.513750,   -1.870000
    4.270000,   -6.532450,   -1.865000
    4.280000,   -6.551100,   -1.860000
    4.290000,   -6.569700,   -1.855000
    4.300000,   -6.588250,   -1.850000
    4.310000,   -6.606750,   -1.845000
    4.320000,   -6.625200,   -1.840000
    4.330000,   -6.643600,   -1.835000
    4.340000,   -6.661950,   -1.830000
    4.350000,   -6.680250,   -1.825000
    4.360000,   -6.698500,   -1.820000
    4.370000,   -6.716700,   -1.815000
    4.380000,   -6.734850,   -1.810000
    4.390000,   -6.752950,   -1.805000
    4.400000,   -6.771000,   -1.800000
    4.410000,   -6.789000,   -1.795000
    4.420000,   -6.806950,   -1.790000
    4.430000,   -6.824850,   -1.785000
    4.440000,   -6.842700,   -1.780000
    4.450000,   -6.860500,   -1.775000
    4.460000,   -6.878250,   -1.770000
    4.470000,   -6.895950,   -1.765000
    4.480000,   -6.913600,   -1.760000
    4.490000,   -6.931200,   -1.755000
    4.500000,   -6.948750,   -1.750000
    4.510000,   -6.966250,   -1.745000
    4.520000,   -6.983700,   -1.740000
    4.530000,   -7.001100,   -1.735000
    4.540000,   -7.018450,   -1.730000
    4.550000,   -7.035750,   -1.725000
    4.560000,   -7.053000,   -1.720000
    4.570000,   -7.070200,   -1.715000
    4.580000,   -7.087350,   -1.710000
    4.590000,   -7.104450,   -1.705000
    4.600000,   -7.121500,   -1.700000
    4.610000,   -7.138500,   -1.695000
    4.620000,   -7.155450,   -1.690000
    4.630000,   -7.172350,   -1.685000
    4.640000,   -7.189200,   -1.680000
    4.650000,   -7.206000,   -1.675000
    4.660000,   -7.222750,   -1.670000
    4.670000,   -7.239450,   -1.665000
    4.680000,   -7.256100,   -1.660000
    4.690000,   -7.272700,   -1.655000
    4.700000,   -7.289250,   -1.650000
    4.710000,   -7.305750,   -1.645000
    4.720000,   -7.322200,   -1.640000
    4.730000,   -7.338600,   -1.635000
    4.740000,   -7.354950,   -1.630000
    4.750000,   -7.371250,   -1.625000
    4.760000,   -7.387500,   -1.620000
    4.770000,   -7.403700,   -1.615000
    4.780000,   -7.419850,   -1.610000
    4.790000,   -7.435950,   -1.605000
    4.800000,   -7.452000,   -1.600000
    4.810000,   -7.468000,   -1.595000
    4.820000,   -7.483950,   -1.590000
    4.830000,   -7.499850,   -1.585000
    4.840000,   -7.515700,   -1.580000
    4.850000,   -7.531500,   -1.575000
    4.860000,   -7.547250,   -1.570000
    4.870000,   -7.562950,   -1.565000
    4.880000,   -7.578600,   -1.560000
    4.890000,   -7.594200,   -1.555000
    4.900000,   -7.609750,   -1.550000
    4.910000,   -7.625250,   -1.545000
    4.920000,   -7.640700,   -1.540000
    4.930000,   -7.656100,   -1.535000
    4.940000,   -7.671450,   -1.530000
    4.950000,   -7.686750,   -1.525000
    4.960000,   -7.702000,   -1.520000
    4.970000,   -7.717200,   -1.515000
    4.980000,   -7.732350,   -1.510000
    4.990000,   -7.747450,   -1.505000
    5.000000,   -7.762500,   -1.500000
    5.010000,   -7.777500,   -1.495000
    5.020000,   -7.792450,   -1.490000
    5.030000,   -7.807350,   -1.485000
    5.040000,   -7.822200,   -1.480000
    5.050000,   -7.837000,   -1.475000
    5.060000,   -7.851750,   -1.470000
    5.070000,   -7.866450,   -1.465000
    5.080000,   -7.881100,   -1.460000
    5.090000,   -7.895700,   -1.455000
    5.100000,   -7.910250,   -1.450000
    5.110000,   -7.924750,   -1.445000
    5.120000,   -7.939200,   -1.440000
    5.130000,   -7.953600,   -1.435000
    5.140000,   -7.967950,   -1.430000
    5.150000,   -7.982250,   -1.425000
    5.160000,   -7.996500,   -1.420000
    5.170000,   -8.010700,   -1.415000
    5.180000,   -8.024850,   -1.410000
    5.190000,   -8.038950,   -1.405000
    5.200000,   -8.053000,   -1.400000
    5.210000,   -8.067000,   -1.395000
    5.220000,   -8.080950,   -1.390000
    5.230000,   -8.094850,   -1.385000
    5.240000,   -8.108700,   -1.380000
    5.250000,   -8.122500,   -1.375000
    5.260000,   -8.136250,   -1.370000
    5.270000,   -8.149950,   -1.365000
    5.280000,   -8.163600,   -1.360000
    5.290000,   -8.177200,   -1.355000
    5.300000,   -8.190750,   -1.350000
    5.310000,   -8.204250,   -1.345000
    5.320000,   -8.217700,   -1.340000
    5.330000,   -8.231100,   -1.335000
    5.340000,   -8.244450,   -1.330000
    5.350000,   -8.257750,   -1.325000
    5.360000,   -8.271000,   -1.320000
    5.370000,   -8.284200,   -1.315000
    5.380000,   -8.297350,   -1.310000
    5.390000,   -8.310450,   -1.305000
    5.400000,   -8.323500,   -1.300000
    5.410000,   -8.336500,   -1.295000
    5.420000,   -8.349450,   -1.290000
    5.430000,   -8.362350,   -1.285000
    5.440000,   -8.375200,   -1.280000
    5.450000,   -8.388000,   -1.275000
    5.460000,   -8.400750,   -1.270000
    5.470000,   -8.413450,   -1.265000
    5.480000,   -8.426100,   -1.260000
    5.490000,   -8.438700,   -1.255000
    5.500000,   -8.451250,   -1.250000
    5.510000,   -8.463750,   -1.245000
    5.520000,   -8.476200,   -1.240000
    5.530000,   -8.488600,   -1.235000
    5.540000,   -8.500950,   -1.230000
    5.550000,   -8.513250,   -1.225000
    5.560000,   -8.525500,   -1.220000
    5.570000,   -8.537700,   -1.215000
    5.580000,   -8.549850,   -1.210000
    5.590000,   -8.561950,   -1.205000
    5.600000,   -8.574000,   -1.200000
    5.610000,   -8.586000,   -1.195000
    5.620000,   -8.597950,   -1.190000
    5.630000,   -8.609850,   -1.185000
    5.640000,   -8.621700,   -1.180000
    5.650000,   -8.633500,   -1.175000
    5.660000,   -8.645250,   -1.170000
    5.670000,   -8.656950,   -1.165000
    5.680000,   -8.668600,   -1.160000
    5.690000,   -8.680200,   -1.155000
    5.700000,   -8.691750,   -1.150000
    5.710000,   -8.703250,   -1.145000
    5.720000,   -8.714700,   -1.140000
    5.730000,   -8.726100,   -1.135000
    5.740000,   -8.737450,   -1.130000
    5.750000,   -8.748750,   -1.125000
    5.760000,   -8.760000,   -1.120000
    5.770000,   -8.771200,   -1.115000
    5.780000,   -8.782350,   -1.110000
    5.790000,   -8.793450,   -1.105000
    5.800000,   -8.804500,   -1.100000
    5.810000,   -8.815500,   -1.095000
    5.820000,   -8.826450,   -1.090000
    5.830000,   -8.837350,   -1.085000
    5.840000,   -8.848200,   -1.080000
    5.850000,   -8.859000,   -1.075000
    5.860000,   -8.869750,   -1.070000
    5.870000,   -8.880450,   -1.065000
    5.880000,   -8.891100,   -1.060000
    5.890000,   -8.901700,   -1.055000
    5.900000,   -8.912250,   -1.050000
    5.910000,   -8.922750,   -1.045000
    5.920000,   -8.933200,   -1.040000
    5.930000,   -8.943600,   -1.035000
    5.940000,   -8.953950,   -1.030000
    5.950000,   -8.964250,   -1.025000
    5.960000,   -8.974500,   -1.020000
    5.970000,   -8.984700,   -1.015000
    5.980000,   -8.994850,   -1.010000
    5.990000,   -9.004950,   -1.005000
    6.000000,   -9.015000,   -1.000000
    6.010000,   -9.025000,   -0.995000
    6.020000,   -9.034950,   -0.990000
    6.030000,   -9.044850,   -0.985000
    6.040000,   -9.054700,   -0.980000
    6.050000,   -9.064500,   -0.975000
    6.060000,   -9.074250,   -0.970000
    6.070000,   -9.083950,   -0.965000
    6.080000,   -9.093600,   -0.960000
    6.090000,   -9.103200,   -0.955000
    6.100000,   -9.112750,   -0.950000
    6.110000,   -9.122250,   -0.945000
    6.120000,   -9.131700,   -0.940000
    6.130000,   -9.141100,   -0.935000
    6.140000,   -9.150450,   -0.930000
    6.150000,   -9.159750,   -0.925000
    6.160000,   -9.169000,   -0.920000
    6.170000,   -9.178200,   -0.915000
    6.180000,   -9.187350,   -0.910000
    6.190000,   -9.196450,   -0.905000
    6.200000,   -9.205500,   -0.900000
    6.210000,   -9.214500,   -0.895000
    6.220000,   -9.223450,   -0.890000
    6.230000,   -9.232350,   -0.885000
    6.240000,   -9.241200,   -0.880000
    6.250000,   -9.250000,   -0.875000
    6.260000,   -9.258750,   -0.870000
    6.270000,   -9.267450,   -0.865000
    6.280000,   -9.276100,   -0.860000
    6.290000,   -9.284700,   -0.855000
    6.300000,   -9.293250,   -0.850000
    6.310000,   -9.301750,   -0.845000
    6.320000,   -9.310200,   -0.840000
    6.330000,   -9.318600,   -0.835000
    6.340000,   -9.326950,   -0.830000
    6.350000,   -9.335250,   -0.825000
    6.360000,   -9.343500,   -0.820000
    6.370000,   -9.351700,   -0.815000
    6.380000,   -9.359850,   -0.810000
    6.390000,   -9.367950,   -0.805000
    6.400000,   -9.376000,   -0.800000
    6.410000,   -9.384000,   -0.795000
    6.420000,   -9.391950,   -0.790000
    6.430000,   -9.399850,   -0.785000
    6.440000,   -9.407700,   -0.780000
    6.450000,   -9.415500,   -0.775000
    6.460000,   -9.423250,   -0.770000
    6.470000,   -9.430950,   -0.765000
    6.480000,   -9.438600,   -0.760000
    6.490000,   -9.446200,   -0.755000
    6.500000,   -9.453750,   -0.750000
    6.510000,   -9.461250,   -0.745000
    6.520000,   -9.468700,   -0.740000
    6.530000,   -9.476100,   -0.735000
    6.540000,   -9.483450,   -0.730000
    6.550000,   -9.490750,   -0.725000
    6.560000,   -9.498000,   -0.720000
    6.570000,   -9.505200,   -0.715000
    6.580000,   -9.512350,   -0.710000
    6.590000,   -9.519450,   -0.705000
    6.600000,   -9.526500,   -0.700000
    6.610000,   -9.533500,   -0.695000
    6.620000,   -9.540450,   -0.690000
    6.630000,   -9.547350,   -0.685000
    6.640000,   -9.554200,   -0.680000
    6.650000,   -9.561000,   -0.675000
    6.660000,   -9.567750,   -0.670000
    6.670000,   -9.574450,   -0.665000
    6.680000,   -9.581100,   -0.660000
    6.690000,   -9.587700,   -0.655000
    6.700000,   -9.594250,   -0.650000
    6.710000,   -9.600750,   -0.645000
    6.720000,   -9.607200,   -0.640000
    6.730000,   -9.613600,   -0.635000
    6.740000,   -9.619950,   -0.630000
    6.750000,   -9.626250,   -0.625000
    6.760000,   -9.632500,   -0.620000
    6.770000,   -9.638700,   -0.615000
    6.780000,   -9.644850,   -0.610000
    6.790000,   -9.650950,   -0.605000
    6.800000,   -9.657000,   -0.600000
    6.810000,   -9.663000,   -0.595000
    6.820000,   -9.668950,   -0.590000
    6.830000,   -9.674850,   -0.585000
    6.840000,   -9.680700,   -0.580000
    6.850000,   -9.686500,   -0.575000
    6.860000,   -9.692250,   -0.570000
    6.870000,   -9.697950,   -0.565000
    6.880000,   -9.703600,   -0.560000
    6.890000,   -9.709200,   -0.555000
    6.900000,   -9.714750,   -0.550000
    6.910000,   -9.720250,   -0.545000
    6.920000,   -9.725700,   -0.540000
    6.930000,   -9.731100,   -0.535000
    6.940000,   -9.736450,   -0.530000
    6.950000,   -9.741750,   -0.525000
    6.960000,   -9.747000,   -0.520000
    6.970000,   -9.752200,   -0.515000
    6.980000,   -9.757350,   -0.510000
    6.990000,   -9.762450,   -0.505000
    7.000000,   -9.767500,   -0.500000
    7.010000,   -9.772500,   -0.495000
    7.020000,   -9.777450,   -0.490000
    7.030000,   -9.782350,   -0.485000
    7.040000,   -9.787200,   -0.480000
    7.050000,   -9.792000,   -0.475000
    7.060000,   -9.796750,   -0.470000
    7.070000,   -9.801450,   -0.465000
    7.080000,   -9.806100,   -0.460000
    7.090000,   -9.810700,   -0.455000
    7.100000,   -9.815250,   -0.450000
    7.110000,   -9.819750,   -0.445000
    7.120000,   -9.824200,   -0.440000
    7.130000,   -9.828600,   -0.435000
    7.140000,   -9.832950,   -0.430000
    7.150000,   -9.837250,   -0.425000
    7.160000,   -9.841500,   -0.420000
    7.170000,   -9.845700,   -0.415000
    7.180000,   -9.849850,   -0.410000
    7.190000,   -9.853950,   -0.405000
    7.200000,   -9.858000,   -0.400000
    7.210000,   -9.862000,   -0.395000
    7.220000,   -9.865950,   -0.390000
    7.230000,   -9.869850,   -0.385000
    7.240000,   -9.873700,   -0.380000
    7.250000,   -9.877500,   -0.375000
    7.260000,   -9.881250,   -0.370000
    7.270000,   -9.884950,   -0.365000
    7.280000,   -9.888600,   -0.360000
    7.290000,   -9.892200,   -0.355000
    7.300000,   -9.895750,   -0.350000
    7.310000,   -9.899250,   -0.345000
    7.320000,   -9.902700,   -0.340000
    7.330000,   -9.906100,   -0.335000
    7.340000,   -9.909450,   -0.330000
    7.350000,   -9.912750,   -0.325000
    7.360000,   -9.916000,   -0.320000
    7.370000,   -9.919200,   -0.315000
    7.380000,   -9.922350,   -0.310000
    7.390000,   -9.925450,   -0.305000
    7.400000,   -9.928500,   -0.300000
    7.410000,   -9.931500,   -0.295000
    7.420000,   -9.934450,   -0.290000
    7.430000,   -9.937350,   -0.285000
    7.440000,   -9.940200,   -0.280000
    7.450000,   -9.943000,   -0.275000
    7.460000,   -9.945750,   -0.270000
    7.470000,   -9.948450,   -0.265000
    7.480000,   -9.951100,   -0.260000
    7.490000,   -9.953700,   -0.255000
    7.500000,   -9.956250,   -0.250000
    7.510000,   -9.958750,   -0.245000
    7.520000,   -9.961200,   -0.240000
    7.530000,   -9.963600,   -0.235000
    7.540000,   -9.965950,   -0.230000
    7.550000,   -9.968250,   -0.225000
    7.560000,   -9.970500,   -0.220000
    7.570000,   -9.972700,   -0.215000
    7.580000,   -9.974850,   -0.210000
    7.590000,   -9.976950,   -0.205000
    7.600000,   -9.979000,   -0.200000
    7.610000,   -9.981000,   -0.195000
    7.620000,   -9.982950,   -0.190000
    7.630000,   -9.984850,   -0.185000
    7.640000,   -9.986700,   -0.180000
    7.650000,   -9.988500,   -0.175000
    7.660000,   -9.990250,   -0.170000
    7.670000,   -9.991950,   -0.165000
    7.680000,   -9.993600,   -0.160000
    7.690000,   -9.995200,   -0.155000
    7.700000,   -9.996750,   -0.150000
    7.710000,   -9.998250,   -0.145000
    7.720000,   -9.999700,   -0.140000
    7.730000,  -10.001100,   -0.135000
    7.740000,  -10.002450,   -0.130000
    7.750000,  -10.003750,   -0.125000
    7.760000,  -10.005000,   -0.120000
    7.770000,  -10.006200,   -0.115000
    7.780000,  -10.007350,   -0.110000
    7.790000,  -10.008450,   -0.105000
    7.800000,  -10.009500,   -0.100000
    7.810000,  -10.010500,   -0.095000
    7.820000,  -10.011450,   -0.090000
    7.830000,  -10.012350,   -0.085000
    7.840000,  -10.013200,   -0.080000
    7.850000,  -10.014000,   -0.075000
    7.860000,  -10.014750,   -0.070000
    7.870000,  -10.015450,   -0.065000
    7.880000,  -10.016100,   -0.060000
    7.890000,  -10.016700,   -0.055000
    7.900000,  -10.017250,   -0.050000
    7.910000,  -10.017750,   -0.045000
    7.920000,  -10.018200,   -0.040000
    7.930000,  -10.018600,   -0.035000
    7.940000,  -10.018950,   -0.030000
    7.950000,  -10.019250,   -0.025000
    7.960000,  -10.019500,   -0.020000
    7.970000,  -10.019700,   -0.015000
    7.980000,  -10.019850,   -0.010000
    7.990000,  -10.019950,   -0.005000
    8.000000,  -10.020000,   -0.000000
    8.010000,  -10.020000,    0.005000
    8.020000,  -10.019950,    0.010000
    8.030000,  -10.019850,    0.015000
    8.040000,  -10.019700,    0.020000
    8.050000,  -10.019500,    0.025000
    8.060000,  -10.019250,    0.030000
    8.070000,  -10.018950,    0.035000
    8.080000,  -10.018600,    0.040000
    8.090000,  -10.018200,    0.045000
    8.100000,  -10.017750,    0.050000
    8.110000,  -10.017250,    0.055000
    8.120000,  -10.016700,    0.060000
    8.130000,  -10.016100,    0.065000
    8.140000,  -10.015450,    0.070000
    8.150000,  -10.014750,    0.075000
    8.160000,  -10.014000,    0.080000
    8.170000,  -10.013200,    0.085000
    8.180000,  -10.012350,    0.090000
    8.190000,  -10.011450,    0.095000
    8.200000,  -10.010500,    0.100000
    8.210000,  -10.009500,    0.105000
    8.220000,  -10.008450,    0.110000
    8.230000,  -10.007350,    0.115000
    8.240000,  -10.006200,    0.120000
    8.250000,  -10.005000,    0.125000
    8.260000,  -10.003750,    0.130000
    8.270000,  -10.002450,    0.135000
    8.280000,  -10.001100,    0.140000
    8.290000,   -9.999700,    0.145000
    8.300000,   -9.998250,    0.150000
    8.310000,   -9.996750,    0.155000
    8.320000,   -9.995200,    0.160000
    8.330000,   -9.993600,    0.165000
    8.340000,   -9.991950,    0.170000
    8.350000,   -9.990250,    0.175000
    8.360000,   -9.988500,    0.180000
    8.370000,   -9.986700,    0.185000
    8.380000,   -9.984850,    0.190000
    8.390000,   -9.982950,    0.195000
    8.400000,   -9.981000,    0.200000
    8.410000,   -9.979000,    0.205000
    8.420000,   -9.976950,    0.210000
    8.430000,   -9.974850,    0.215000
    8.440000,   -9.972700,    0.220000
    8.450000,   -9.970500,    0.225000
    8.460000,   -9.968250,    0.230000
    8.470000,   -9.965950,    0.235000
    8.480000,   -9.963600,    0.240000
    8.490000,   -9.961200,    0.245000
    8.500000,   -9.958750,    0.250000
    8.510000,   -9.956250,    0.255000
    8.520000,   -9.953700,    0.260000
    8.530000,   -9.951100,    0.265000
    8.540000,   -9.948450,    0.270000
    8.550000,   -9.945750,    0.275000
    8.560000,   -9.943000,    0.280000
    8.570000,   -9.940200,    0.285000
    8.580000,   -9.937350,    0.290000
    8.590000,   -9.934450,    0.295000
    8.600000,   -9.931500,    0.300000
    8.610000,   -9.928500,    0.305000
    8.620000,   -9.925450,    0.310000
    8.630000,   -9.922350,    0.315000
    8.640000,   -9.919200,    0.320000
    8.650000,   -9.916000,    0.325000
    8.660000,   -9.912750,    0.330000
    8.670000,   -9.909450,    0.335000
    8.680000,   -9.906100,    0.340000
    8.690000,   -9.902700,    0.345000
    8.700000,   -9.899250,    0.350000
    8.710000,   -9.895750,    0.355000
    8.720000,   -9.892200,    0.360000
    8.730000,   -9.888600,    0.365000
    8.740000,   -9.884950,    0.370000
    8.750000,   -9.881250,    0.375000
    8.760000,   -9.877500,    0.380000
    8.770000,   -9.873700,    0.385000
    8.780000,   -9.869850,    0.390000
    8.790000,   -9.865950,    0.395000
    8.800000,   -9.862000,    0.400000
    8.810000,   -9.858000,    0.405000
    8.820000,   -9.853950,    0.410000
    8.830000,   -9.849850,    0.415000
    8.840000,   -9.845700,    0.420000
    8.850000,   -9.841500,    0.425000
    8.860000,   -9.837250,    0.430000
    8.870000,   -9.832950,    0.435000
    8.880000,   -9.828600,    0.440000
    8.890000,   -9.824200,    0.445000
    8.900000,   -9.819750,    0.450000
    8.910000,   -9.815250,    0.455000
    8.920000,   -9.810700,    0.460000
    8.930000,   -9.806100,    0.465000
    8.940000,   -9.801450,    0.470000
    8.950000,   -9.796750,    0.475000
    8.960000,   -9.792000,    0.480000
    8.970000,   -9.787200,    0.485000
    8.980000,   -9.782350,    0.490000
    8.990000,   -9.777450,    0.495000
    9.000000,   -9.772500,    0.500000
    9.010000,   -9.767500,    0.505000
    9.020000,   -9.762450,    0.510000
    9.030000,   -9.757350,    0.515000
    9.040000,   -9.752200,    0.520000
    9.050000,   -9.747000,    0.525000
    9.060000,   -9.741750,    0.530000
    9.070000,   -9.736450,    0.535000
    9.080000,   -9.731100,    0.540000
    9.090000,   -9.725700,    0.545000
    9.100000,   -9.720250,    0.550000
    9.110000,   -9.714750,    0.555000
    9.120000,   -9.709200,    0.560000
    9.130000,   -9.703600,    0.565000
    9.140000,   -9.697950,    0.570000
    9.150000,   -9.692250,    0.575000
    9.160000,   -9.686500,    0.580000
    9.170000,   -9.680700,    0.585000
    9.180000,   -9.674850,    0.590000
    9.190000,   -9.668950,    0.595000
    9.200000,   -9.663000,    0.600000
    9.210000,   -9.657000,    0.605000
    9.220000,   -9.650950,    0.610000
    9.230000,   -9.644850,    0.615000
    9.240000,   -9.638700,    0.620000
    9.250000,   -9.632500,    0.625000
    9.260000,   -9.626250,    0.630000
    9.270000,   -9.619950,    0.635000
    9.280000,   -9.613600,    0.640000
    9.290000,   -9.607200,    0.645000
    9.300000,   -9.600750,    0.650000
    9.310000,   -9.594250,    0.655000
    9.320000,   -9.587700,    0.660000
    9.330000,   -9.581100,    0.665000
    9.340000,   -9.574450,    0.670000
    9.350000,   -9.567750,    0.675000
    9.360000,   -9.561000,    0.680000
    9.370000,   -9.554200,    0.685000
    9.380000,   -9.547350,    0.690000
    9.390000,   -9.540450,    0.695000
    9.400000,   -9.533500,    0.700000
    9.410000,   -9.526500,    0.705000
    9.420000,   -9.519450,    0.710000
    9.430000,   -9.512350,    0.715000
    9.440000,   -9.505200,    0.720000
    9.450000,   -9.498000,    0.725000
    9.460000,   -9.490750,    0.730000
    9.470000,   -9.483450,    0.735000
    9.480000,   -9.476100,    0.740000
    9.490000,   -9.468700,    0.745000
    9.500000,   -9.461250,    0.750000
    9.510000,   -9.453750,    0.755000
    9.520000,   -9.446200,    0.760000
    9.530000,   -9.438600,    0.765000
    9.540000,   -9.430950,    0.770000
    9.550000,   -9.423250,    0.775000
    9.560000,   -9.415500,    0.780000
    9.570000,   -9.407700,    0.785000
    9.580000,   -9.399850,    0.790000
    9.590000,   -9.391950,    0.795000
    9.600000,   -9.384000,    0.800000
    9.610000,   -9.376000,    0.805000
    9.620000,   -9.367950,    0.810000
    9.630000,   -9.359850,    0.815000
    9.640000,   -9.351700,    0.820000
    9.650000,   -9.343500,    0.825000
    9.660000,   -9.335250,    0.830000
    9.670000,   -9.326950,    0.835000
    9.680000,   -9.318600,    0.840000
    9.690000,   -9.310200,    0.845000
    9.700000,   -9.301750,    0.850000
    9.710000,   -9.293250,    0.855000
    9.720000,   -9.284700,    0.860000
    9.730000,   -9.276100,    0.865000
    9.740000,   -9.267450,    0.870000
    9.750000,   -9.258750,    0.875000
    9.760000,   -9.250000,    0.880000
    9.770000,   -9.241200,    0.885000
    9.780000,   -9.232350,    0.890000
    9.790000,   -9.223450,    0.895000
    9.800000,   -9.214500,    0.900000
    9.810000,   -9.205500,    0.905000
    9.820000,   -9.196450,    0.910000
    9.830000,   -9.187350,    0.915000
    9.840000,   -9.178200,    0.920000
    9.850000,   -9.169000,    0.925000
    9.860000,   -9.159750,    0.930000
    9.870000,   -9.150450,    0.935000
    9.880000,   -9.141100,    0.940000
    9.890000,   -9.131700,    0.945000
    9.900000,   -9.122250,    0.950000
    9.910000,   -9.112750,    0.955000
    9.920000,   -9.103200,    0.960000
    9.930000,   -9.093600,    0.965000
    9.940000,   -9.083950,    0.970000
    9.950000,   -9.074250,    0.975000
    9.960000,   -9.064500,    0.980000
    9.970000,   -9.054700,    0.985000
    9.980000,   -9.044850,    0.990000
    9.990000,   -9.034950,    0.995000
   10.000000,   -9.025000,    1.000000
   10.010000,   -9.015000,    1.005000
   10.020000,   -9.004950,    1.010000
   10.030000,   -8.994850,    1.015000
   10.040000,   -8.984700,    1.020000
   10.050000,   -8.974500,    1.025000
   10.060000,   -8.964250,    1.030000
   10.070000,   -8.953950,    1.035000
   10.080000,   -8.943600,    1.040000
   10.090000,   -8.933200,    1.045000
   10.100000,   -8.922750,    1.050000
   10.110000,   -8.912250,    1.055000
   10.120000,   -8.901700,    1.060000
   10.130000,   -8.891100,    1.065000
   10.140000,   -8.880450,    1.070000
   10.150000,   -8.869750,    1.075000
   10.160000,   -8.859000,    1.080000
   10.170000,   -8.848200,    1.085000
   10.180000,   -8.837350,    1.090000
   10.190000,   -8.826450,    1.095000
   10.200000,   -8.815500,    1.100000
   10.210000,   -8.804500,    1.105000
   10.220000,   -8.793450,    1.110000
   10.230000,   -8.782350,    1.115000
   10.240000,   -8.771200,    1.120000
   10.250000,   -8.760000,    1.125000
   10.260000,   -8.748750,    1.130000
   10.270000,   -8.737450,    1.135000
   10.280000,   -8.726100,    1.140000
   10.290000,   -8.714700,    1.145000
   10.300000,   -8.703250,    1.150000
   10.310000,   -8.691750,    1.155000
   10.320000,   -8.680200,    1.160000
   10.330000,   -8.668600,    1.165000
   10.340000,   -8.656950,    1.170000
   10.350000,   -8.645250,    1.175000
   10.360000,   -8.633500,    1.180000
   10.370000,   -8.621700,    1.185000
   10.380000,   -8.609850,    1.190000
   10.390000,   -8.597950,    1.195000
   10.400000,   -8.586000,    1.200000
   10.410000,   -8.574000,    1.205000
   10.420000,   -8.561950,    1.210000
   10.430000,   -8.549850,    1.215000
   10.440000,   -8.537700,    1.220000
   10.450000,   -8.525500,    1.225000
   10.460000,   -8.513250,    1.230000
   10.470000,   -8.500950,    1.235000
   10.480000,   -8.488600,    1.240000
   10.490000,   -8.476200,    1.245000
   10.500000,   -8.463750,    1.250000
   10.510000,   -8.451250,    1.255000
   10.520000,   -8.438700,    1.260000
   10.530000,   -8.426100,    1.265000
   10.540000,   -8.413450,    1.270000
   10.550000,   -8.400750,    1.275000
   10.560000,   -8.388000,    1.280000
   10.570000,   -8.375200,    1.285000
   10.580000,   -8.362350,    1.290000
   10.590000,   -8.349450,    1.295000
   10.600000,   -8.336500,    1.300000
   10.610000,   -8.323500,    1.305000
   10.620000,   -8.310450,    1.310000
   10.630000,   -8.297350,    1.315000
   10.640000,   -8.284200,    1.320000
   10.650000,   -8.271000,    1.325000
   10.660000,   -8.257750,    1.330000
   10.670000,   -8.244450,    1.335000
   10.680000,   -8.231100,    1.340000
   10.690000,   -8.217700,    1.345000
   10.700000,   -8.204250,    1.350000
   10.710000,   -8.190750,    1.355000
   10.720000,   -8.177200,    1.360000
   10.730000,   -8.163600,    1.365000
   10.740000,   -8.149950,    1.370000
   10.750000,   -8.136250,    1.375000
   10.760000,   -8.122500,    1.380000
   10.770000,   -8.108700,    1.385000
   10.780000,   -8.094850,    1.390000
   10.790000,   -8.080950,    1.395000
   10.800000,   -8.067000,    1.400000
   10.810000,   -8.053000,    1.405000
   10.820000,   -8.038950,    1.410000
   10.830000,   -8.024850,    1.415000
   10.840000,   -8.010700,    1.420000
   10.850000,   -7.996500,    1.425000
   10.860000,   -7.982250,    1.430000
   10.870000,   -7.967950,    1.435000
   10.880000,   -7.953600,    1.440000
   10.890000,   -7.939200,    1.445000
   10.900000,   -7.924750,    1.450000
   10.910000,   -7.910250,    1.455000
   10.920000,   -7.895700,    1.460000
   10.930000,   -7.881100,    1.465000
   10.940000,   -7.866450,    1.470000
   10.950000,   -7.851750,    1.475000
   10.960000,   -7.837000,    1.480000
   10.970000,   -7.822200,    1.485000
   10.980000,   -7.807350,    1.490000
   10.990000,   -7.792450,    1.495000
   11.000000,   -7.777500,    1.500000
   11.010000,   -7.762500,    1.505000
   11.020000,   -7.747450,    1.510000
   11.030000,   -7.732350,    1.515000
   11.040000,   -7.717200,    1.520000
   11.050000,   -7.702000,    1.525000
   11.060000,   -7.686750,    1.530000
   11.070000,   -7.671450,    1.535000
   11.080000,   -7.656100,    1.540000
   11.090000,   -7.640700,    1.545000
   11.100000,   -7.625250,    1.550000
   11.110000,   -7.609750,    1.555000
   11.120000,   -7.594200,    1.560000
   11.130000,   -7.578600,    1.565000
   11.140000,   -7.562950,    1.570000
   11.150000,   -7.547250,    1.575000
   11.160000,   -7.531500,    1.580000
   11.170000,   -7.515700,    1.585000
   11.180000,   -7.499850,    1.590000
   11.190000,   -7.483950,    1.595000
   11.200000,   -7.468000,    1.600000
   11.210000,   -7.452000,    1.605000
   11.220000,   -7.435950,    1.610000
   11.230000,   -7.419850,    1.615000
   11.240000,   -7.403700,    1.620000
   11.250000,   -7.387500,    1.625000
   11.260000,   -7.371250,    1.630000
   11.270000,   -7.354950,    1.635000
   11.280000,   -7.338600,    1.640000
   11.290000,   -7.322200,    1.645000
   11.300000,   -7.305750,    1.650000
   11.310000,   -7.289250,    1.655000
   11.320000,   -7.272700,    1.660000
   11.330000,   -7.256100,    1.665000
   11.340000,   -7.239450,    1.670000
   11.350000,   -7.222750,    1.675000
   11.360000,   -7.206000,    1.680000
   11.370000,   -7.189200,    1.685000
   11.380000,   -7.172350,    1.690000
   11.390000,   -7.155450,    1.695000
   11.400000,   -7.138500,    1.700000
   11.410000,   -7.121500,    1.705000
   11.420000,   -7.104450,    1.710000
   11.430000,   -7.087350,    1.715000
   11.440000,   -7.070200,    1.720000
   11.450000,   -7.053000,    1.725000
   11.460000,   -7.035750,    1.730000
   11.470000,   -7.018450,    1.735000
   11.480000,   -7.001100,    1.740000
   11.490000,   -6.983700,    1.745000
   11.500000,   -6.966250,    1.750000
   11.510000,   -6.948750,    1.755000
   11.520000,   -6.931200,    1.760000
   11.530000,   -6.913600,    1.765000
   11.540000,   -6.895950,    1.770000
   11.550000,   -6.878250,    1.775000
   11.560000,   -6.860500,    1.780000
   11.570000,   -6.842700,    1.785000
   11.580000,   -6.824850,    1.790000
   11.590000,   -6.806950,    1.795000
   11.600000,   -6.789000,    1.800000
   11.610000,   -6.771000,    1.805000
   11.620000,   -6.752950,    1.810000
   11.630000,   -6.734850,    1.815000
   11.640000,   -6.716700,    1.820000
   11.650000,   -6.698500,    1.825000
   11.660000,   -6.680250,    1.830000
   11.670000,   -6.661950,    1.835000
   11.680000,   -6.643600,    1.840000
   11.690000,   -6.625200,    1.845000
   11.700000,   -6.606750,    1.850000
   11.710000,   -6.588250,    1.855000
   11.720000,   -6.569700,    1.860000
   11.730000,   -6.551100,    1.865000
   11.740000,   -6.532450,    1.870000
   11.750000,   -6.513750,    1.875000
   11.760000,   -6.495000,    1.880000
   11.770000,   -6.476200,    1.885000
   11.780000,   -6.457350,    1.890000
   11.790000,   -6.438450,    1.895000
   11.800000,   -6.419500,    1.900000
   11.810000,   -6.400500,    1.905000
   11.820000,   -6.381450,    1.910000
   11.830000,   -6.362350,    1.915000
   11.840000,   -6.343200,    1.920000
   11.850000,   -6.324000,    1.925000
   11.860000,   -6.304750,    1.930000
   11.870000,   -6.285450,    1.935000
   11.880000,   -6.266100,    1.940000
   11.890000,   -6.246700,    1.945000
   11.900000,   -6.227250,    1.950000
   11.910000,   -6.207750,    1.955000
   11.920000,   -6.188200,    1.960000
   11.930000,   -6.168600,    1.965000
   11.940000,   -6.148950,    1.970000
   11.950000,   -6.129250,    1.975000
   11.960000,   -6.109500,    1.980000
   11.970000,   -6.089700,    1.985000
   11.980000,   -6.069850,    1.990000
   11.990000,   -6.049950,    1.995000
   12.000000,   -6.030000,    2.000000
   12.010000,   -6.010000,    2.005000
   12.020000,   -5.989950,    2.010000
   12.030000,   -5.969850,    2.015000
   12.040000,   -5.949700,    2.020000
   12.050000,   -5.929500,    2.025000
   12.060000,   -5.909250,    2.030000
   12.070000,   -5.888950,    2.035000
   12.080000,   -5.868600,    2.040000
   12.090000,   -5.848200,    2.045000
   12.100000,   -5.827750,    2.050000
   12.110000,   -5.807250,    2.055000
   12.120000,   -5.786700,    2.060000
   12.130000,   -5.766100,    2.065000
   12.140000,   -5.745450,    2.070000
   12.150000,   -5.724750,    2.075000
   12.160000,   -5.704000,    2.080000
   12.170000,   -5.683200,    2.085000
   12.180000,   -5.662350,    2.090000
   12.190000,   -5.641450,    2.095000
   12.200000,   -5.620500,    2.100000
   12.210000,   -5.599500,    2.105000
   12.220000,   -5.578450,    2.110000
   12.230000,   -5.557350,    2.115000
   12.240000,   -5.536200,    2.120000
   12.250000,   -5.515000,    2.125000
   12.260000,   -5.493750,    2.130000
   12.270000,   -5.472450,    2.135000
   12.280000,   -5.451100,    2.140000
   12.290000,   -5.429700,    2.145000
   12.300000,   -5.408250,    2.150000
   12.310000,   -5.386750,    2.155000
   12.320000,   -5.365200,    2.160000
   12.330000,   -5.343600,    2.165000
   12.340000,   -5.321950,    2.170000
   12.350000,   -5.300250,    2.175000
   12.360000,   -5.278500,    2.180000
   12.370000,   -5.256700,    2.185000
   12.380000,   -5.234850,    2.190000
   12.390000,   -5.212950,    2.195000
   12.400000,   -5.191000,    2.200000
   12.410000,   -5.169000,    2.205000
   12.420000,   -5.146950,    2.210000
   12.430000,   -5.124850,    2.215000
   12.440000,   -5.102700,    2.220000
   12.450000,   -5.080500,    2.225000
   12.460000,   -5.058250,    2.230000
   12.470000,   -5.035950,    2.235000
   12.480000,   -5.013600,    2.240000
   12.490000,   -4.991200,    2.245000
   12.500000,   -4.968750,    2.250000
   12.510000,   -4.946250,    2.255000
   12.520000,   -4.923700,    2.260000
   12.530000,   -4.901100,    2.265000
   12.540000,   -4.878450,    2.270000
   12.550000,   -4.855750,    2.275000
   12.560000,   -4.833000,    2.280000
   12.570000,   -4.810200,    2.285000
   12.580000,   -4.787350,    2.290000
   12.590000,   -4.764450,    2.295000
   12.600000,   -4.741500,    2.300000
   12.610000,   -4.718500,    2.305000
   12.620000,   -4.695450,    2.310000
   12.630000,   -4.672350,    2.315000
   12.640000,   -4.649200,    2.320000
   12.650000,   -4.626000,    2.325000
   12.660000,   -4.602750,    2.330000
   12.670000,   -4.579450,    2.335000
   12.680000,   -4.556100,    2.340000
   12.690000,   -4.532700,    2.345000
   12.700000,   -4.509250,    2.350000
   12.710000,   -4.485750,    2.355000
   12.720000,   -4.462200,    2.360000
   12.730000,   -4.438600,    2.365000
   12.740000,   -4.414950,    2.370000
   12.750000,   -4.391250,    2.375000
   12.760000,   -4.367500,    2.380000
   12.770000,   -4.343700,    2.385000
   12.780000,   -4.319850,    2.390000
   12.790000,   -4.295950,    2.395000
   12.800000,   -4.272000,    2.400000
   12.810000,   -4.248000,    2.405000
   12.820000,   -4.223950,    2.410000
   12.830000,   -4.199850,    2.415000
   12.840000,   -4.175700,    2.420000
   12.850000,   -4.151500,    2.425000
   12.860000,   -4.127250,    2.430000
   12.870000,   -4.102950,    2.435000
   12.880000,   -4.078600,    2.440000
   12.890000,   -4.054200,    2.445000
   12.900000,   -4.029750,    2.450000
   12.910000,   -4.005250,    2.455000
   12.920000,   -3.980700,    2.460000
   12.930000,   -3.956100,    2.465000
   12.940000,   -3.931450,    2.470000
   12.950000,   -3.906750,    2.475000
   12.960000,   -3.882000,    2.480000
   12.970000,   -3.857200,    2.485000
   12.980000,   -3.832350,    2.490000
   12.990000,   -3.807450,    2.495000
   13.000000,   -3.782500,    2.500000
   13.010000,   -3.757500,    2.505000
   13.020000,   -3.732450,    2.510000
   13.030000,   -3.707350,    2.515000
   13.040000,   -3.682200,    2.520000
   13.050000,   -3.657000,    2.525000
   13.060000,   -3.631750,    2.530000
   13.070000,   -3.606450,    2.535000
   13.080000,   -3.581100,    2.540000
   13.090000,   -3.555700,    2.545000
   13.100000,   -3.530250,    2.550000
   13.110000,   -3.504750,    2.555000
   13.120000,   -3.479200,    2.560000
   13.130000,   -3.453600,    2.565000
   13.140000,   -3.427950,    2.570000
   13.150000,   -3.402250,    2.575000
   13.160000,   -3.376500,    2.580000
   13.170000,   -3.350700,    2.585000
   13.180000,   -3.324850,    2.590000
   13.190000,   -3.298950,    2.595000
   13.200000,   -3.273000,    2.600000
   13.210000,   -3.247000,    2.605000
   13.220000,   -3.220950,    2.610000
   13.230000,   -3.194850,    2.615000
   13.240000,   -3.168700,    2.620000
   13.250000,   -3.142500,    2.625000
   13.260000,   -3.116250,    2.630000
   13.270000,   -3.089950,    2.635000
   13.280000,   -3.063600,    2.640000
   13.290000,   -3.037200,    2.645000
   13.300000,   -3.010750,    2.650000
   13.310000,   -2.984250,    2.655000
   13.320000,   -2.957700,    2.660000
   13.330000,   -2.931100,    2.665000
   13.340000,   -2.904450,    2.670000
   13.350000,   -2.877750,    2.675000
   13.360000,   -2.851000,    2.680000
   13.370000,   -2.824200,    2.685000
   13.380000,   -2.797350,    2.690000
   13.390000,   -2.770450,    2.695000
   13.400000,   -2.743500,    2.700000
   13.410000,   -2.716500,    2.705000
   13.420000,   -2.689450,    2.710000
   13.430000,   -2.662350,    2.715000
   13.440000,   -2.635200,    2.720000
   13.450000,   -2.608000,    2.725000
   13.460000,   -2.580750,    2.730000
   13.470000,   -2.553450,    2.735000
   13.480000,   -2.526100,    2.740000
   13.490000,   -2.498700,    2.745000
   13.500000,   -2.471250,    2.750000
   13.510000,   -2.443750,    2.755000
   13.520000,   -2.416200,    2.760000
   13.530000,   -2.388600,    2.765000
   13.540000,   -2.360950,    2.770000
   13.550000,   -2.333250,    2.775000
   13.560000,   -2.305500,    2.780000
   13.570000,   -2.277700,    2.785000
   13.580000,   -2.249850,    2.790000
   13.590000,   -2.221950,    2.795000
   13.600000,   -2.194000,    2.800000
   13.610000,   -2.166000,    2.805000
   13.620000,   -2.137950,    2.810000
   13.630000,   -2.109850,    2.815000
   13.640000,   -2.081700,    2.820000
   13.650000,   -2.053500,    2.825000
   13.660000,   -2.025250,    2.830000
   13.670000,   -1.996950,    2.835000
   13.680000,   -1.968600,    2.840000
   13.690000,   -1.940200,    2.845000
   13.700000,   -1.911750,    2.850000
   13.710000,   -1.883250,    2.855000
   13.720000,   -1.854700,    2.860000
   13.730000,   -1.826100,    2.865000
   13.740000,   -1.797450,    2.870000
   13.750000,   -1.768750,    2.875000
   13.760000,   -1.740000,    2.880000
   13.770000,   -1.711200,    2.885000
   13.780000,   -1.682350,    2.890000
   13.790000,   -1.653450,    2.895000
   13.800000,   -1.624500,    2.900000
   13.810000,   -1.595500,    2.905000
   13.820000,   -1.566450,    2.910000
   13.830000,   -1.537350,    2.915000
   13.840000,   -1.508200,    2.920000
   13.850000,   -1.479000,    2.925000
   13.860000,   -1.449750,    2.930000
   13.870000,   -1.420450,    2.935000
   13.880000,   -1.391100,    2.940000
   13.890000,   -1.361700,    2.945000
   13.900000,   -1.332250,    2.950000
   13.910000,   -1.302750,    2.955000
   13.920000,   -1.273200,    2.960000
   13.930000,   -1.243600,    2.965000
   13.940000,   -1.213950,    2.970000
   13.950000,   -1.184250,    2.975000
   13.960000,   -1.154500,    2.980000
   13.970000,   -1.124700,    2.985000
   13.980000,   -1.094850,    2.990000
   13.990000,   -1.064950,    2.995000
   14.000000,   -1.035000,    3.000000
   14.010000,   -1.005000,    3.005000
   14.020000,   -0.974950,    3.010000
   14.030000,   -0.944850,    3.015000
   14.040000,   -0.914700,    3.020000
   14.050000,   -0.884500,    3.025000
   14.060000,   -0.854250,    3.030000
   14.070000,   -0.823950,    3.035000
   14.080000,   -0.793600,    3.040000
   14.090000,   -0.763200,    3.045000
   14.100000,   -0.732750,    3.050000
   14.110000,   -0.702250,    3.055000
   14.120000,   -0.671700,    3.060000
   14.130000,   -0.641100,    3.065000
   14.140000,   -0.610450,    3.070000
   14.150000,   -0.579750,    3.075000
   14.160000,   -0.549000,    3.080000
   14.170000,   -0.518200,    3.085000
   14.180000,   -0.487350,    3.090000
   14.190000,   -0.456450,    3.095000
   14.200000,   -0.425500,    3.100000
   14.210000,   -0.394500,    3.105000
   14.220000,   -0.363450,    3.110000
   14.230000,   -0.332350,    3.115000
   14.240000,   -0.301200,    3.120000
   14.250000,   -0.270000,    3.125000
   14.260000,   -0.238750,    3.130000
   14.270000,   -0.207450,    3.135000
   14.280000,   -0.176100,    3.140000
   14.290000,   -0.144700,    3.145000
   14.300000,   -0.113250,    3.150000
   14.310000,   -0.081750,    3.155000
   14.320000,   -0.050200,    3.160000
   14.330000,   -0.018600,    3.165000
   14.340000,    0.013050,    3.170000
   14.350000,    0.044750,    3.175000
   14.360000,    0.076500,    3.180000
   14.370000,    0.108300,    3.185000
   14.380000,    0.140150,    3.190000
   14.390000,    0.172050,    3.195000
   14.400000,    0.204000,    3.200000
   14.410000,    0.236000,    3.205000
   14.420000,    0.268050,    3.210000
   14.430000,    0.300150,    3.215000
   14.440000,    0.332300,    3.220000
   14.450000,    0.364500,    3.225000
   14.460000,    0.396750,    3.230000
   14.470000,    0.429050,    3.235000
   14.480000,    0.461400,    3.240000
   14.490000,    0.493800,    3.245000
   14.500000,    0.526250,    3.250000
   14.510000,    0.558750,    3.255000
   14.520000,    0.591300,    3.260000
   14.530000,    0.623900,    3.265000
   14.540000,    0.656550,    3.270000
   14.550000,    0.689250,    3.275000
   14.560000,    0.722000,    3.280000
   14.570000,    0.754800,    3.285000
   14.580000,    0.787650,    3.290000
   14.590000,    0.820550,    3.295000
   14.600000,    0.853500,    3.300000
   14.610000,    0.886500,    3.305000
   14.620000,    0.919550,    3.310000
   14.630000,    0.952650,    3.315000
   14.640000,    0.985800,    3.320000
   14.650000,    1.019000,    3.325000
   14.660000,    1.052250,    3.330000
   14.670000,    1.085550,    3.335000
   14.680000,    1.118900,    3.340000
   14.690000,    1.152300,    3.345000
   14.700000,    1.185750,    3.350000
   14.710000,    1.219250,    3.355000
   14.720000,    1.252800,    3.360000
   14.730000,    1.286400,    3.365000
   14.740000,    1.320050,    3.370000
   14.750000,    1.353750,    3.375000
   14.760000,    1.387500,    3.380000
   14.770000,    1.421300,    3.385000
   14.780000,    1.455150,    3.390000
   14.790000,    1.489050,    3.395000
   14.800000,    1.523000,    3.400000
   14.810000,    1.557000,    3.405000
   14.820000,    1.591050,    3.410000
   14.830000,    1.625150,    3.415000
   14.840000,    1.659300,    3.420000
   14.850000,    1.693500,    3.425000
   14.860000,    1.727750,    3.430000
   14.870000,    1.762050,    3.435000
   14.880000,    1.796400,    3.440000
   14.890000,    1.830800,    3.445000
   14.900000,    1.865250,    3.450000
   14.910000,    1.899750,    3.455000
   14.920000,    1.934300,    3.460000
   14.930000,    1.968900,    3.465000
   14.940000,    2.003550,    3.470000
   14.950000,    2.038250,    3.475000
   14.960000,    2.073000,    3.480000
   14.970000,    2.107800,    3.485000
   14.980000,    2.142650,    3.490000
   14.990000,    2.177550,    3.495000
   15.000000,    2.212500,    3.500000
   15.010000,    2.247500,    3.505000
   15.020000,    2.282550,    3.510000
   15.030000,    2.317650,    3.515000
   15.040000,    2.352800,    3.520000
   15.050000,    2.388000,    3.525000
   15.060000,    2.423250,    3.530000
   15.070000,    2.458550,    3.535000
   15.080000,    2.493900,    3.540000
   15.090000,    2.529300,    3.545000
   15.100000,    2.564750,    3.550000
   15.110000,    2.600250,    3.555000
   15.120000,    2.635800,    3.560000
   15.130000,    2.671400,    3.565000
   15.140000,    2.707050,    3.570000
   15.150000,    2.742750,    3.575000
   15.160000,    2.778500,    3.580000
   15.170000,    2.814300,    3.585000
   15.180000,    2.850150,    3.590000
   15.190000,    2.886050,    3.595000
   15.200000,    2.922000,    3.600000
   15.210000,    2.958000,    3.605000
   15.220000,    2.994050,    3.610000
   15.230000,    3.030150,    3.615000
   15.240000,    3.066300,    3.620000
   15.250000,    3.102500,    3.625000
   15.260000,    3.138750,    3.630000
   15.270000,    3.175050,    3.635000
   15.280000,    3.211400,    3.640000
   15.290000,    3.247800,    3.645000
   15.300000,    3.284250,    3.650000
   15.310000,    3.320750,    3.655000
   15.320000,    3.357300,    3.660000
   15.330000,    3.393900,    3.665000
   15.340000,    3.430550,    3.670000
   15.350000,    3.467250,    3.675000
   15.360000,    3.504000,    3.680000
   15.370000,    3.540800,    3.685000
   15.380000,    3.577650,    3.690000
   15.390000,    3.614550,    3.695000
   15.400000,    3.651500,    3.700000
   15.410000,    3.688500,    3.705000
   15.420000,    3.725550,    3.710000
   15.430000,    3.762650,    3.715000
   15.440000,    3.799800,    3.720000
   15.450000,    3.837000,    3.725000
   15.460000,    3.874250,    3.730000
   15.470000,    3.911550,    3.735000
   15.480000,    3.948900,    3.740000
   15.490000,    3.986300,    3.745000
   15.500000,    4.023750,    3.750000
   15.510000,    4.061250,    3.755000
   15.520000,    4.098800,    3.760000
   15.530000,    4.136400,    3.765000
   15.540000,    4.174050,    3.770000
   15.550000,    4.211750,    3.775000
   15.560000,    4.249500,    3.780000
   15.570000,    4.287300,    3.785000
   15.580000,    4.325150,    3.790000
   15.590000,    4.363050,    3.795000
   15.600000,    4.401000,    3.800000
   15.610000,    4.439000,    3.805000
   15.620000,    4.477050,    3.810000
   15.630000,    4.515150,    3.815000
   15.640000,    4.553300,    3.820000
   15.650000,    4.591500,    3.825000
   15.660000,    4.629750,    3.830000
   15.670000,    4.668050,    3.835000
   15.680000,    4.706400,    3.840000
   15.690000,    4.744800,    3.845000
   15.700000,    4.783250,    3.850000
   15.710000,    4.821750,    3.855000
   15.720000,    4.860300,    3.860000
   15.730000,    4.898900,    3.865000
   15.740000,    4.937550,    3.870000
   15.750000,    4.976250,    3.875000
   15.760000,    5.015000,    3.880000
   15.770000,    5.053800,    3.885000
   15.780000,    5.092650,    3.890000
   15.790000,    5.131550,    3.895000
   15.800000,    5.170500,    3.900000
   15.810000,    5.209500,    3.905000
   15.820000,    5.248550,    3.910000
   15.830000,    5.287650,    3.915000
   15.840000,    5.326800,    3.920000
   15.850000,    5.366000,    3.925000
   15.860000,    5.405250,    3.930000
   15.870000,    5.444550,    3.935000
   15.880000,    5.483900,    3.940000
   15.890000,    5.523300,    3.945000
   15.900000,    5.562750,    3.950000
   15.910000,    5.602250,    3.955000
   15.920000,    5.641800,    3.960000
   15.930000,    5.681400,    3.965000
   15.940000,    5.721050,    3.970000
   15.950000,    5.760750,    3.975000
   15.960000,    5.800500,    3.980000
   15.970000,    5.840300,    3.985000
   15.980000,    5.880150,    3.990000
   15.990000,    5.920050,    3.995000
   16.000000,    5.960000,    4.000000
   16.010000,    6.000000,    4.005000
   16.020000,    6.040050,    4.010000
   16.030000,    6.080150,    4.015000
   16.040000,    6.120300,    4.020000
   16.050000,    6.160500,    4.025000
   16.060000,    6.200750,    4.030000
   16.070000,    6.241050,    4.035000
   16.080000,    6.281400,    4.040000
   16.090000,    6.321800,    4.045000
   16.100000,    6.362250,    4.050000
   16.110000,    6.402750,    4.055000
   16.120000,    6.443300,    4.060000
   16.130000,    6.483900,    4.065000
   16.140000,    6.524550,    4.070000
   16.150000,    6.565250,    4.075000
   16.160000,    6.606000,    4.080000
   16.170000,    6.646800,    4.085000
   16.180000,    6.687650,    4.090000
   16.190000,    6.728550,    4.095000
   16.200000,    6.769500,    4.100000
   16.210000,    6.810500,    4.105000
   16.220000,    6.851550,    4.110000
   16.230000,    6.892650,    4.115000
   16.240000,    6.933800,    4.120000
   16.250000,    6.975000,    4.125000
   16.260000,    7.016250,    4.130000
   16.270000,    7.057550,    4.135000
   16.280000,    7.098900,    4.140000
   16.290000,    7.140300,    4.145000
   16.300000,    7.181750,    4.150000
   16.310000,    7.223250,    4.155000
   16.320000,    7.264800,    4.160000
   16.330000,    7.306400,    4.165000
   16.340000,    7.348050,    4.170000
   16.350000,    7.389750,    4.175000
   16.360000,    7.431500,    4.180000
   16.370000,    7.473300,    4.185000
   16.380000,    7.515150,    4.190000
   16.390000,    7.557050,    4.195000
   16.400000,    7.599000,    4.200000
   16.410000,    7.641000,    4.205000
   16.420000,    7.683050,    4.210000
   16.430000,    7.725150,    4.215000
   16.440000,    7.767300,    4.220000
   16.450000,    7.809500,    4.225000
   16.460000,    7.851750,    4.230000
   16.470000,    7.894050,    4.235000
   16.480000,    7.936400,    4.240000
   16.490000,    7.978800,    4.245000
   16.500000,    8.021250,    4.250000
   16.510000,    8.063750,    4.255000
   16.520000,    8.106300,    4.260000
   16.530000,    8.148900,    4.265000
   16.540000,    8.191550,    4.270000
   16.550000,    8.234250,    4.275000
   16.560000,    8.277000,    4.280000
   16.570000,    8.319800,    4.285000
   16.580000,    8.362650,    4.290000
   16.590000,    8.405550,    4.295000
   16.600000,    8.448500,    4.300000
   16.610000,    8.491500,    4.305000
   16.620000,    8.534550,    4.310000
   16.630000,    8.577650,    4.315000
   16.640000,    8.620800,    4.320000
   16.650000,    8.664000,    4.325000
   16.660000,    8.707250,    4.330000
   16.670000,    8.750550,    4.335000
   16.680000,    8.793900,    4.340000
   16.690000,    8.837300,    4.345000
   16.700000,    8.880750,    4.350000
   16.710000,    8.924250,    4.355000
   16.720000,    8.967800,    4.360000
   16.730000,    9.011400,    4.365000
   16.740000,    9.055050,    4.370000
   16.750000,    9.098750,    4.375000
   16.760000,    9.142500,    4.380000
   16.770000,    9.186300,    4.385000
   16.780000,    9.230150,    4.390000
   16.790000,    9.274050,    4.395000
   16.800000,    9.318000,    4.400000
   16.810000,    9.362000,    4.405000
   16.820000,    9.406050,    4.410000
   16.830000,    9.450150,    4.415000
   16.840000,    9.494300,    4.420000
   16.850000,    9.538500,    4.425000
   16.860000,    9.582750,    4.430000
   16.870000,    9.627050,    4.435000
   16.880000,    9.671400,    4.440000
   16.890000,    9.715800,    4.445000
   16.900000,    9.760250,    4.450000
   16.910000,    9.804750,    4.455000
   16.920000,    9.849300,    4.460000
   16.930000,    9.893900,    4.465000
   16.940000,    9.938550,    4.470000
   16.950000,    9.983250,    4.475000
   16.960000,   10.028000,    4.480000
   16.970000,   10.072800,    4.485000
   16.980000,   10.117650,    4.490000
   16.990000,   10.162550,    4.495000
   17.000000,   10.207500,    4.500000
   17.010000,   10.252500,    4.505000
   17.020000,   10.297550,    4.510000
   17.030000,   10.342650,    4.515000
   17.040000,   10.387800,    4.520000
   17.050000,   10.433000,    4.525000
   17.060000,   10.478250,    4.530000
   17.070000,   10.523550,    4.535000
   17.080000,   10.568900,    4.540000
   17.090000,   10.614300,    4.545000
   17.100000,   10.659750,    4.550000
   17.110000,   10.705250,    4.555000
   17.120000,   10.750800,    4.560000
   17.130000,   10.796400,    4.565000
   17.140000,   10.842050,    4.570000
   17.150000,   10.887750,    4.575000
   17.160000,   10.933500,    4.580000
   17.170000,   10.979300,    4.585000
   17.180000,   11.025150,    4.590000
   17.190000,   11.071050,    4.595000
   17.200000,   11.117000,    4.600000
   17.210000,   11.163000,    4.605000
   17.220000,   11.209050,    4.610000
   17.230000,   11.255150,    4.615000
   17.240000,   11.301300,    4.620000
   17.250000,   11.347500,    4.625000
   17.260000,   11.393750,    4.630000
   17.270000,   11.440050,    4.635000
   17.280000,   11.486400,    4.640000
   17.290000,   11.532800,    4.645000
   17.300000,   11.579250,    4.650000
   17.310000,   11.625750,    4.655000
   17.320000,   11.672300,    4.660000
   17.330000,   11.718900,    4.665000
   17.340000,   11.765550,    4.670000
   17.350000,   11.812250,    4.675000
   17.360000,   11.859000,    4.680000
   17.370000,   11.905800,    4.685000
   17.380000,   11.952650,    4.690000
   17.390000,   11.999550,    4.695000
   17.400000,   12.046500,    4.700000
   17.410000,   12.093500,    4.705000
   17.420000,   12.140550,    4.710000
   17.430000,   12.187650,    4.715000
   17.440000,   12.234800,    4.720000
   17.450000,   12.282000,    4.725000
   17.460000,   12.329250,    4.730000
   17.470000,   12.376550,    4.735000
   17.480000,   12.423900,    4.740000
   17.490000,   12.471300,    4.745000
   17.500000,   12.518750,    4.750000
   17.510000,   12.566250,    4.755000
   17.520000,   12.613800,    4.760000
   17.530000,   12.661400,    4.765000
   17.540000,   12.709050,    4.770000
   17.550000,   12.756750,    4.775000
   17.560000,   12.804500,    4.780000
   17.570000,   12.852300,    4.785000
   17.580000,   12.900150,    4.790000
   17.590000,   12.948050,    4.795000
   17.600000,   12.996000,    4.800000
   17.610000,   13.044000,    4.805000
   17.620000,   13.092050,    4.810000
   17.630000,   13.140150,    4.815000
   17.640000,   13.188300,    4.820000
   17.650000,   13.236500,    4.825000
   17.660000,   13.284750,    4.830000
   17.670000,   13.333050,    4.835000
   17.680000,   13.381400,    4.840000
   17.690000,   13.429800,    4.845000
   17.700000,   13.478250,    4.850000
   17.710000,   13.526750,    4.855000
   17.720000,   13.575300,    4.860000
   17.730000,   13.623900,    4.865000
   17.740000,   13.672550,    4.870000
   17.750000,   13.721250,    4.875000
   17.760000,   13.770000,    4.880000
   17.770000,   13.818800,    4.885000
   17.780000,   13.867650,    4.890000
   17.790000,   13.916550,    4.895000
   17.800000,   13.965500,    4.900000
   17.810000,   14.014500,    4.905000
   17.820000,   14.063550,    4.910000
   17.830000,   14.112650,    4.915000
   17.840000,   14.161800,    4.920000
   17.850000,   14.211000,    4.925000
   17.860000,   14.260250,    4.930000
   17.870000,   14.309550,    4.935000
   17.880000,   14.358900,    4.940000
   17.890000,   14.408300,    4.945000
   17.900000,   14.457750,    4.950000
   17.910000,   14.507250,    4.955000
   17.920000,   14.556800,    4.960000
   17.930000,   14.606400,    4.965000
   17.940000,   14.656050,    4.970000
   17.950000,   14.705750,    4.975000
   17.960000,   14.755500,    4.980000
   17.970000,   14.805300,    4.985000
   17.980000,   14.855150,    4.990000
   17.990000,   14.905050,    4.995000
   18.000000,   14.955000,    5.000000
   18.010000,   15.005000,    5.005000
   18.020000,   15.055050,    5.010000
   18.030000,   15.105150,    5.015000
   18.040000,   15.155300,    5.020000
   18.050000,   15.205500,    5.025000
   18.060000,   15.255750,    5.030000
   18.070000,   15.306050,    5.035000
   18.080000,   15.356400,    5.040000
   18.090000,   15.406800,    5.045000
   18.100000,   15.457250,    5.050000
   18.110000,   15.507750,    5.055000
   18.120000,   15.558300,    5.060000
   18.130000,   15.608900,    5.065000
   18.140000,   15.659550,    5.070000
   18.150000,   15.710250,    5.075000
   18.160000,   15.761000,    5.080000
   18.170000,   15.811800,    5.085000
   18.180000,   15.862650,    5.090000
   18.190000,   15.913550,    5.095000
   18.200000,   15.964500,    5.100000
   18.210000,   16.015500,    5.105000
   18.220000,   16.066550,    5.110000
   18.230000,   16.117650,    5.115000
   18.240000,   16.168800,    5.120000
   18.250000,   16.220000,    5.125000
   18.260000,   16.271250,    5.130000
   18.270000,   16.322550,    5.135000
   18.280000,   16.373900,    5.140000
   18.290000,   16.425300,    5.145000
   18.300000,   16.476750,    5.150000
   18.310000,   16.528250,    5.155000
   18.320000,   16.579800,    5.160000
   18.330000,   16.631400,    5.165000
   18.340000,   16.683050,    5.170000
   18.350000,   16.734750,    5.175000
   18.360000,   16.786500,    5.180000
   18.370000,   16.838300,    5.185000
   18.380000,   16.890150,    5.190000
   18.390000,   16.942050,    5.195000
   18.400000,   16.994000,    5.200000
   18.410000,   17.046000,    5.205000
   18.420000,   17.098050,    5.210000
   18.430000,   17.150150,    5.215000
   18.440000,   17.202300,    5.220000
   18.450000,   17.254500,    5.225000
   18.460000,   17.306750,    5.230000
   18.470000,   17.359050,    5.235000
   18.480000,   17.411400,    5.240000
   18.490000,   17.463800,    5.245000
   18.500000,   17.516250,    5.250000
   18.510000,   17.568750,    5.255000
   18.520000,   17.621300,    5.260000
   18.530000,   17.673900,    5.265000
   18.540000,   17.726550,    5.270000
   18.550000,   17.779250,    5.275000
   18.560000,   17.832000,    5.280000
   18.570000,   17.884800,    5.285000
   18.580000,   17.937650,    5.290000
   18.590000,   17.990550,    5.295000
   18.600000,   18.043500,    5.300000
   18.610000,   18.096500,    5.305000
   18.620000,   18.149550,    5.310000
   18.630000,   18.202650,    5.315000
   18.640000,   18.255800,    5.320000
   18.650000,   18.309000,    5.325000
   18.660000,   18.362250,    5.330000
   18.670000,   18.415550,    5.335000
   18.680000,   18.468900,    5.340000
   18.690000,   18.522300,    5.345000
   18.700000,   18.575750,    5.350000
   18.710000,   18.629250,    5.355000
   18.720000,   18.682800,    5.360000
   18.730000,   18.736400,    5.365000
   18.740000,   18.790050,    5.370000
   18.750000,   18.843750,    5.375000
   18.760000,   18.897500,    5.380000
   18.770000,   18.951300,    5.385000
   18.780000,   19.005150,    5.390000
   18.790000,   19.059050,    5.395000
   18.800000,   19.113000,    5.400000
   18.810000,   19.167000,    5.405000
   18.820000,   19.221050,    5.410000
   18.830000,   19.275150,    5.415000
   18.840000,   19.329300,    5.420000
   18.850000,   19.383500,    5.425000
   18.860000,   19.437750,    5.430000
   18.870000,   19.492050,    5.435000
   18.880000,   19.546400,    5.440000
   18.890000,   19.600800,    5.445000
   18.900000,   19.655250,    5.450000
   18.910000,   19.709750,    5.455000
   18.920000,   19.764300,    5.460000
   18.930000,   19.818900,    5.465000
   18.940000,   19.873550,    5.470000
   18.950000,   19.928250,    5.475000
   18.960000,   19.983000,    5.480000
   18.970000,   20.037800,    5.485000
   18.980000,   20.092650,    5.490000
   18.990000,   20.147550,    5.495000
   19.000000,   20.202500,    5.500000
   19.010000,   20.257500,    5.505000
   19.020000,   20.312550,    5.510000
   19.030000,   20.367650,    5.515000
   19.040000,   20.422800,    5.520000
   19.050000,   20.478000,    5.525000
   19.060000,   20.533250,    5.530000
   19.070000,   20.588550,    5.535000
   19.080000,   20.643900,    5.540000
   19.090000,   20.699300,    5.545000
   19.100000,   20.754750,    5.550000
   19.110000,   20.810250,    5.555000
   19.120000,   20.865800,    5.560000
   19.130000,   20.921400,    5.565000
   19.140000,   20.977050,    5.570000
   19.150000,   21.032750,    5.575000
   19.160000,   21.088500,    5.580000
   19.170000,   21.144300,    5.585000
   19.180000,   21.200150,    5.590000
   19.190000,   21.256050,    5.595000
   19.200000,   21.312000,    5.600000
   19.210000,   21.368000,    5.605000
   19.220000,   21.424050,    5.610000
   19.230000,   21.480150,    5.615000
   19.240000,   21.536300,    5.620000
   19.250000,   21.592500,    5.625000
   19.260000,   21.648750,    5.630000
   19.270000,   21.705050,    5.635000
   19.280000,   21.761400,    5.640000
   19.290000,   21.817800,    5.645000
   19.300000,   21.874250,    5.650000
   19.310000,   21.930750,    5.655000
   19.320000,   21.987300,    5.660000
   19.330000,   22.043900,    5.665000
   19.340000,   22.100550,    5.670000
   19.350000,   22.157250,    5.675000
   19.360000,   22.214000,    5.680000
   19.370000,   22.270800,    5.685000
   19.380000,   22.327650,    5.690000
   19.390000,   22.384550,    5.695000
   19.400000,   22.441500,    5.700000
   19.410000,   22.498500,    5.705000
   19.420000,   22.555550,    5.710000
   19.430000,   22.612650,    5.715000
   19.440000,   22.669800,    5.720000
   19.450000,   22.727000,    5.725000
   19.460000,   22.784250,    5.730000
   19.470000,   22.841550,    5.735000
   19.480000,   22.898900,    5.740000
   19.490000,   22.956300,    5.745000
   19.500000,   23.013750,    5.750000
   19.510000,   23.071250,    5.755000
   19.520000,   23.128800,    5.760000
   19.530000,   23.186400,    5.765000
   19.540000,   23.244050,    5.770000
   19.550000,   23.301750,    5.775000
   19.560000,   23.359500,    5.780000
   19.570000,   23.417300,    5.785000
   19.580000,   23.475150,    5.790000
   19.590000,   23.533050,    5.795000
   19.600000,   23.591000,    5.800000
   19.610000,   23.649000,    5.805000
   19.620000,   23.707050,    5.810000
   19.630000,   23.765150,    5.815000
   19.640000,   23.823300,    5.820000
   19.650000,   23.881500,    5.825000
   19.660000,   23.939750,    5.830000
   19.670000,   23.998050,    5.835000
   19.680000,   24.056400,    5.840000
   19.690000,   24.114800,    5.845000
   19.700000,   24.173250,    5.850000
   19.710000,   24.231750,    5.855000
   19.720000,   24.290300,    5.860000
   19.730000,   24.348900,    5.865000
   19.740000,   24.407550,    5.870000
   19.750000,   24.466250,    5.875000
   19.760000,   24.525000,    5.880000
   19.770000,   24.583800,    5.885000
   19.780000,   24.642650,    5.890000
   19.790000,   24.701550,    5.895000
   19.800000,   24.760500,    5.900000
   19.810000,   24.819500,    5.905000
   19.820000,   24.878550,    5.910000
   19.830000,   24.937650,    5.915000
   19.840000,   24.996800,    5.920000
   19.850000,   25.056000,    5.925000
   19.860000,   25.115250,    5.930000
   19.870000,   25.174550,    5.935000
   19.880000,   25.233900,    5.940000
   19.890000,   25.293300,    5.945000
   19.900000,   25.352750,    5.950000
   19.910000,   25.412250,    5.955000
   19.920000,   25.471800,    5.960000
   19.930000,   25.531400,    5.965000
   19.940000,   25.591050,    5.970000
   19.950000,   25.650750,    5.975000
   19.960000,   25.710500,    5.980000
   19.970000,   25.770300,    5.985000
   19.980000,   25.830150,    5.990000
   19.990000,   25.890050,    5.995000
   20.000000,   25.950000,    6.000000